{"cameraMode":{"drawMode":0,"name":"Shaded","section":"Shading Mode"},"sceneLighting":false,"audioPlay":false,"sceneViewState":{"m_AlwaysRefresh":false,"showFog":true,"showSkybox":true,"showFlares":true,"showImageEffects":true,"showParticleSystems":true,"showVisualEffectGraphs":true,"m_FxEnabled":true},"in2DMode":false,"pivot":{"x":14.09506607055664,"y":0.42098331451416018,"z":-0.686492919921875},"rotation":{"x":0.206114262342453,"y":0.005863044410943985,"z":-0.001272538211196661,"w":0.9785401225090027},"size":8.022656440734864,"orthographic":true}